,rho,alpha_B
Estimated,5.201670169830322,-9.055891036987305
Theoretical,5.162884712219238,-9.08715534210205
Absolute Difference,0.038785457611083984,0.031264305114746094
Overall Relative Difference (ORD),0.007512361742556095,0.0034404941834509373
