,Primal Problem,Dual Problem,Total
Training Time (minutes),2.6042026837666827,2.324263580640157,4.92846626440684
