,Primal Problem,Dual Problem,Total
Training Time (minutes),2.907817530632019,5.62532868385315,8.533146214485168
