,rho,alpha_B
Estimated,-6.300894737243652,-8.7969388961792
Theoretical,-6.399820804595947,-8.838168144226074
Absolute Difference,0.09892606735229492,0.041229248046875
Overall Relative Difference (ORD),0.015457631088793278,0.00466490862891078
