,rho,alpha_B
Estimated,-6.065657138824463,-8.343852043151855
Theoretical,-6.167716979980469,-8.523491859436035
Absolute Difference,0.10205984115600586,0.1796398162841797
Overall Relative Difference (ORD),0.01654742658138275,0.02107584848999977
