,Primal Problem,Dual Problem,Total
Training Time (minutes),2.4626558144887287,2.236733305454254,4.699389119942983
